num,phenotype
660,Léri-Weill dyschondrosteosis
1640,Femoral agenesis/hypoplasia
3051,IVIC syndrome
1780,"Endosteal hyperostosis, Worth type"
18837,Parietal foramina with clavicular hypoplasia
10449,Multicentric osteolysis-nodulosis-arthropathy spectrum
401,Metaphyseal anadysplasia
24117,Ehlers-Danlos/osteogenesis imperfecta syndrome
707,"Spondyloepiphyseal dysplasia tarda, Kohn type"
849,Mandibuloacral dysplasia
10902,Short stature-onychodysplasia-facial dysmorphism-hypotrichosis syndrome
3074,Tarsal-carpal coalition syndrome
519,Postaxial tetramelic oligodactyly
2977,Craniometaphyseal dysplasia
401,Upington disease
12256,Traumatic avascular necrosis
3475,Hypochondroplasia
6030,"Craniosynostosis, Boston type"
14578,Isolated plagiocephaly
5951,Coxopodopatellar syndrome
43046,"Hip dysplasia, Beukes type"
255236,Mixed sclerosing bone dystrophy with extra-skeletal manifestations
1157,Crouzon disease
1684,Syndactyly type 8
408,Familial calcium pyrophosphate deposition
17958,Osteonecrosis of the jaw
2853,Humeral agenesis/hypoplasia
225,NEK9-related lethal skeletal dysplasia
3866,Leukoencephalopathy-spondyloepimetaphyseal dysplasia syndrome
555,Radial hemimelia
1,Richieri Costa-da Silva syndrome
11143,Congenital osteogenesis imperfecta-microcephaly-cataracts syndrome
791,X-linked mandibulofacial dysostosis
68920,Dysplastic cortical hyperostosis
1962,Craniorhiny
81648,Neonatal severe primary hyperparathyroidism
8596,Achondrogenesis
3195,Pseudoaminopterin syndrome
159,Camurati-Engelmann disease
99695,Severe dermatitis-multiple allergies-metabolic wasting syndrome
9895,2q37 microdeletion syndrome
247,Melkersson-Rosenthal syndrome
881,Crossed polysyndactyly
695,Spondylo-megaepiphyseal-metaphyseal dysplasia
2667,Weaver syndrome
7245,Hyperostosis corticalis generalisata
960,Fibrous dysplasia of bone
3760,Kienbock disease
1733747,Pruritic urticarial papules and plaques of pregnancy
5835,X-linked osteoporosis with fractures
2844,"Craniometadiaphyseal dysplasia, wormian bone type"
2360,Congenital hypoplasia of thumb
1,Radioulnar synostosis-microcephaly-scoliosis syndrome
105,Autosomal recessive amelia
15078,Isolated scaphocephaly
2889,Triphalangeal thumbs-brachyectrodactyly syndrome
20343,Epiphysiolysis of the hip
1460,Femoral agenesis/hypoplasia
1725,"Endosteal hyperostosis, Worth type"
10414,Multicentric osteolysis-nodulosis-arthropathy spectrum
5249,Ankylosing vertebral hyperostosis with tylosis
11529,Schwartz-Jampel syndrome
361,Metaphyseal anadysplasia
3483,Majeed syndrome
9817,Congenital contractural arachnodactyly
522,Brachydactyly type C
23915,Ehlers-Danlos/osteogenesis imperfecta syndrome
13253,Endosteal sclerosis-cerebellar hypoplasia syndrome
16119,Spondylocarpotarsal synostosis
357,Fibular hemimelia
6748,Isolated congenital digital clubbing
238,Mucolipidosis type II
10144,Hand-foot-genital syndrome
37732,Hereditary thrombophilia due to congenital histidine-rich (poly-L) glycoprotein deficiency
1201,Cenani-Lenz syndrome
163200,X-linked hypophosphatemia
68,Congenital absence of thigh and lower leg with foot present
4498,Hereditary angioedema with normal C1Inh
3519,"Brachyolmia, Maroteaux type"
6558,Osteochondrosis of the tarsal bone
48476,Familial chondromalacia patellae
1709,Cranio-osteoarthropathy
1099,Astley-Kendall dysplasia
813,Pelvis-shoulder dysplasia
6144,Oculoauriculovertebral spectrum with radial defects
4973,Polydactyly of a triphalangeal thumb
13993,Pfeiffer syndrome
73,Congenital absence of both lower leg and foot
14985,Bruck syndrome
665,Metaphyseal dysplasia-maxillary hypoplasia-brachydacty syndrome
4095,TMEM165-CDG
244,Aspartylglucosaminuria
2112,Allergic bronchopulmonary aspergillosis
396,Upington disease
10888,"Microcephalic primordial dwarfism, Toriello type"
12207,Traumatic avascular necrosis
9945,Blount disease
218,Amelia of upper limb
3426,Hypochondroplasia
3712,Proximal symphalangism
52088,Renin-angiotensin-aldosterone system-blocker-induced angioedema
15395,"Thiemann disease, familial form"
5686,Temtamy preaxial brachydactyly syndrome
263147,Bipartite talus
2562,Craniosynostosis-Dandy-Walker malformation-hydrocephalus syndrome
3,Filippi syndrome
18602,Humerus trochlea aplasia
13687,Isolated plagiocephaly
104025,Drug rash with eosinophilia and systemic symptoms
8953,Ossification anomalies-psychomotor developmental delay syndrome
13435,Pancreatic insufficiency-anemia-hyperostosis syndrome
378,Severe lateral tibial bowing with short stature
3024,Mesoaxial synostotic syndactyly with phalangeal reduction
20434,Polydactyly of an index finger
21772,Uhl anomaly
209,Thoracolaryngopelvic dysplasia
160650,Autosomal recessive hypophosphatemic rickets
3398,Carpotarsal osteochondromatosis
13,Isolated arhinencephaly
32994,Spina bifida-hypospadias syndrome
13229,3MC syndrome
24115,Periodontal Ehlers-Danlos syndrome
5752,Classic congenital adrenal hyperplasia due to 21-hydroxylase deficiency
99409,Focal dermal hypoplasia
3266,Coloboma of iris
364,Junctional epidermolysis bullosa inversa
9837,Fragile X syndrome
238,"48,XXXY syndrome"
69,Pitt-Hopkins syndrome
44691,Arachnoid cyst
9,Laurence-Moon syndrome
3683,Microphthalmia-brain atrophy syndrome
688,"48,XYYY syndrome"
223,Isolated arrhinia
693,"Autosomal recessive generalized dystrophic epidermolysis bullosa, intermediate form"
10043,Distal arthrogryposis type 10
94,Wiedemann-Steiner syndrome
50815,Congenital laryngeal palsy
666,"Progressive epilepsy-intellectual disability syndrome, Finnish type"
413,Colobomatous optic disc-macular atrophy-chorioretinopathy syndrome
85,Edinburgh malformation syndrome
986,Monosomy 5p
12453,Autism spectrum disorder due to AUTS2 deficiency
319,Aniridia-cerebellar ataxia-intellectual disability syndrome
2359,Coloboma of optic disc
6524,Camptodactyly of fingers
411769,Supratip dysplasia
14272,Coffin-Lowry syndrome
1,DOORS syndrome
13960,Microduplication Xp11.22p11.23 syndrome
3707,"Congenital lethal myopathy, Compton-North type"
5324,Commissural lip fistula
1,Lissencephaly due to LIS1 mutation
4575,Epiblepharon
1399,MEGDEL syndrome
136,Arrhinia-choanal atresia-microphthalmia syndrome
1,ADNP syndrome
7410,Dopamine beta-hydroxylase deficiency
7229,Morgagni-Stewart-Morel syndrome
24813,Microcephalic cortical malformations-short stature due to RTTN deficiency
17865,Congenital hydrocephalus
5541,Phakomatosis pigmentovascularis
10692,SIM1-related Prader-Willi-like syndrome
8,Polymicrogyria with optic nerve hypoplasia
2206,Cervicofacial fibrochondroma
199,Mucolipidosis type IV
348,Acral self-healing collodion baby
9954,Isolated congenital radial head dislocation
780,Renpenning syndrome
45,Monosomy 22
3710,Cerebellar ataxia-ectodermal dysplasia syndrome
4856,Corpus callosum agenesis-macrocephaly-hypertelorism syndrome
21820,Alopecia-intellectual disability-hypergonadotropic hypogonadism syndrome
654,Epidermolysis bullosa simplex with muscular dystrophy
84392,Athabaskan brainstem dysgenesis syndrome
6777,Lissencephaly due to TUBA1A mutation
689,"Autosomal recessive generalized dystrophic epidermolysis bullosa, severe form"
3820,Nanophthalmos
236,Ring chromosome 18 syndrome
23153,X-linked intellectual disability due to GRIA3 mutations
24138,Dermatosparaxis Ehlers-Danlos syndrome
36006,Thickened earlobes-conductive deafness syndrome
19515,Fourth branchial cleft anomaly
2827,Hennekam-Beemer syndrome
3,X-linked intellectual disability-retinitis pigmentosa syndrome
37612,Myelomeningocele
28,Borjeson-Forssman-Lehmann syndrome
339,Autosomal recessive palmoplantar keratoderma and congenital alopecia
5830,Testicular agenesis
19014,Autosomal dominant hyperinsulinism due to Kir6.2 deficiency
286,Mosaic trisomy 14
3499,Ocular albinism with late-onset sensorineural deafness
1782,Isolated congenital megalocornea
509,Congenital primary aphakia
193106,Congenital infiltrating lipomatosis of the face
10177,Familial congenital nasolacrimal duct obstruction
3685,PRUNE1-related neurological syndrome
337,Syndactyly-nystagmus syndrome due to 2q31.1 microduplication
418,Gingival fibromatosis-hypertrichosis syndrome
6053,Congenital patella dislocation
1796,Congenital tracheal stenosis
23956,Autosomal dominant vitreoretinochoroidopathy
5,Intellectual disability-facial dysmorphism syndrome due to SETD5 haploinsufficiency
2078,Riboflavin transporter deficiency
391,Cochleovestibular dysplasia
955,Steatocystoma multiplex-natal teeth syndrome
13393,Intellectual disability-short stature-hypertelorism syndrome
102,Trisomy 8p
893,Pseudohypoparathyroidism type 1B
14541,Microcephaly-brain defect-spasticity-hypernatremia syndrome
1061,Odonto-onycho-dermal dysplasia
18432,Upper limb hypertrophy
20853,Arnold-Chiari malformation type II
195,Pachyonychia congenita
85,9q21.13 microdeletion syndrome
1899,Proboscis lateralis
99353,Rothmund-Thomson syndrome
698,Partial androgen insensitivity syndrome
511,Hemimegalencephaly
1523,Autosomal recessive myogenic arthrogryposis multiplex congenita
439,Generalized glucocorticoid resistance syndrome
14893,Early-onset epileptic encephalopathy-cortical blindness-intellectual disability-facial dysmorphism syndrome
35335,X-linked external auditory canal atresia-dilated internal auditory canal-facial dysmorphism syndrome
1177,Aniridia-intellectual disability syndrome
1514,Autosomal dominant cerebellar ataxia-deafness-narcolepsy syndrome
8514,H syndrome
23301,Familial thyroglossal duct cyst
1,White matter hypoplasia-corpus callosum agenesis-intellectual disability syndrome
13500,Isolated focal cortical dysplasia
764,Lethal intrauterine growth restriction-cortical malformation-congenital contractures syndrome
15425,X-linked Charcot-Marie-Tooth disease type 3
1331,Congenital cornea plana
17887,Primary laryngeal lymphangioma
156,Tetraploidy
5570,Preaxial polydactyly-colobomata-intellectual disability syndrome
45002,Corneal dystrophy-perceptive deafness syndrome
440780,Idiopathic gastroparesis
8175,Cold-induced sweating syndrome
568,ATP13A2-related juvenile neuronal ceroid lipofuscinosis
772,Adenylosuccinate lyase deficiency
303,"Cerebellar ataxia, Cayman type"
2161,Periodic fever-infantile enterocolitis-autoinflammatory syndrome
83332,African iron overload
234091,Hyperbiliverdinemia
831,Helicoid peripapillary chorioretinal degeneration
298,Hemolytic anemia due to diphosphoglycerate mutase deficiency
181464,Autism-facial port-wine stain syndrome
492,Alkaptonuria
3551,Oculocutaneous albinism type 6
2136,Plummer-Vinson syndrome
72389,Coats plus syndrome
747508,IRIDA syndrome
81319,Hyperekplexia-epilepsy syndrome
20497,Early-onset autosomal dominant Alzheimer disease
210346,X-linked cone dysfunction syndrome with myopia
2129,Autosomal dominant adult-onset proximal spinal muscular atrophy
16343,Semantic dementia
25195,Young syndrome
217184,NK-cell enteropathy
117,Transient tyrosinemia of the newborn
132,Growth delay-intellectual disability-hepatopathy syndrome
46227,Familial generalized lentiginosis
312,Blue diaper syndrome
7411,Infantile spasms syndrome
7503,Autosomal dominant keratitis
46061,Hereditary combined deficiency of vitamin K-dependent clotting factors
4322,Fused mandibular incisors
3078,Pseudo-von Willebrand disease
1,"X-linked intellectual disability, Schimke type"
1696,Global developmental delay-neuro-ophthalmological abnormalities-seizures-intellectual disability syndrome
8454,Paroxysmal exertion-induced dyskinesia
11,Hemolytic anemia due to erythrocyte adenosine deaminase overproduction
8760,Infantile-onset axonal motor and sensory neuropathy-optic atrophy-neurodegenerative syndrome
2474,Immunoglobulin heavy chain deficiency
75517,Rare non-syndromic intellectual disability
546,Overhydrated hereditary stomatocytosis
431,Eosinophilic colitis
1510820,STT3A-CDG
3630,GM3 synthase deficiency
3753,Ataxia-tapetoretinal degeneration syndrome
13318,CNTNAP2-related developmental and epileptic encephalopathy
350,Childhood disintegrative disorder
1459,Senior-Boichis syndrome
11409,Acetazolamide-responsive myotonia
786378,Microcytic anemia with liver iron overload
312,Hydroxykynureninuria
5647,"Progeroid syndrome, Petty type"
477,Ornithine transcarbamylase deficiency
2442,Menkes disease
3196,Bleeding diathesis due to thromboxane synthesis deficiency
6,KCNQ2-related epileptic encephalopathy
55952,Distal hereditary motor neuropathy type 7
777,Hereditary orotic aciduria
19678,Autosomal dominant polycystic kidney disease
24906,Chronic mucocutaneous candidiasis
4498,Immunodeficiency with factor I anomaly
77941,Hereditary neutrophilia
3683,Hermansky-Pudlak syndrome
1628,Hypermethioninemia due to glycine N-methyltransferase deficiency
9,Hemolytic anemia due to adenylate kinase deficiency
938623,HTRA1-related autosomal dominant cerebral small vessel disease
5149,Hereditary pediatric Behçet-like disease
177716,Familial recurrent peripheral facial palsy
84255,Brain dopamine-serotonin vesicular transport disease
5024,"Ocular motor apraxia, Cogan type"
4,Immunodeficiency due to a late component of complement deficiency
3852,Congenital myopathy with internal nuclei and atypical cores
544,Early infantile epileptic encephalopathy
3988,Dental ankylosis
4173,Glycogen storage disease due to muscle phosphorylase kinase deficiency
375,Ataxia-oculomotor apraxia type 4
15554,Autosomal recessive Charcot-Marie-Tooth disease type 2X
10149,Foveal hypoplasia-presenile cataract syndrome
3180,Congenital retinal arteriovenous communication
469340,X-linked parkinsonism-spasticity syndrome
5,AHDC1-related intellectual disability-obstructive sleep apnea-mild dysmorphism syndrome
7918103,"Mitochondrial DNA depletion syndrome, encephalomyopathic form with renal tubulopathy"
55,Isolated congenital breast hypoplasia/aplasia
30137,Pyridoxal phosphate-responsive seizures
71068,IRVAN syndrome
45270,X-linked endothelial corneal dystrophy
11773,Macrothrombocytopenia with mitral valve insufficiency
4761,Cystic leukoencephalopathy without megalencephaly
2209,Familial anetoderma
2724,Glycine encephalopathy
17,Leukonychia totalis
4382,Choreoacanthocytosis
54253,Progressive non-fluent aphasia
433339,Holocarboxylase synthetase deficiency
4673,Multiple sclerosis-ichthyosis-factor VIII deficiency syndrome
99612,Peeling skin-leukonychia-acral punctate keratoses-cheilitis-knuckle pads syndrome
3845,Autosomal dominant spastic paraplegia type 10
670,Gamma-glutamyl transpeptidase deficiency
362,"Hereditary bullous dystrophy, macular type"
8,Lafora disease
2115,"Neurogenic scapuloperoneal syndrome, Kaeser type"
4883,Roch-Leri mesosomatous lipomatosis
219,Kufor-Rakeb syndrome
6351,Benign hereditary chorea
3791,Mitochondrial myopathy-cerebellar ataxia-pigmentary retinopathy syndrome
14122,Combined oxidative phosphorylation defect type 29
10780,Keratosis follicularis-dwarfism-cerebral atrophy syndrome
8635,Infantile dystonia-parkinsonism
81464,Progressive encephalopathy with leukodystrophy due to DECR deficiency
415,Ichthyosis hystrix of Curth-Macklin
2718,Cystinosis
1491,Spinocerebellar ataxia type 30
218,Sialidosis type 1
24266,Reticular dystrophy of the retinal pigment epithelium
3009,Citrullinemia type II
547,Hereditary cryohydrocytosis with reduced stomatin
45966,Congenital factor II deficiency
4056,Isolated delta-storage pool disease
13341,Dubin-Johnson syndrome
91,CLCN4-related X-linked intellectual disability syndrome
11252,Anodontia
13435,Huntington disease
8567,Infantile-onset generalized dyskinesia with orofacial involvement
8921,Hereditary sensory and autonomic neuropathy type 1B
694,HSD10 disease
520,Sodium channelopathy-related small fiber neuropathy
8524,Sea-blue histiocytosis
4714,CACH syndrome
15146,Corticobasal syndrome
3092,Argininemia
3557,Mendelian susceptibility to mycobacterial diseases due to complete IFNgammaR1 deficiency
44554,Congenital hereditary endothelial dystrophy type I
11411,Mesial temporal lobe epilepsy with hippocampal sclerosis
1927,Congenital sideroblastic anemia-B-cell immunodeficiency-periodic fever-developmental delay syndrome
3835,Congenital muscular dystrophy with intellectual disability
34486,Familial angiolipomatosis
239,Ferro-cerebro-cutaneous syndrome
680,Ataxia-oculomotor apraxia type 1
11,Hemolytic anemia due to pyrimidine 5^ nucleotidase deficiency
912957,LAMA5-related multisystemic syndrome
77934,Parana hard skin syndrome
4191,Glycogen storage disease due to muscle beta-enolase deficiency
5880,Neurofibromatosis type 6
41600,Acute infantile liver failure-multisystemic involvement syndrome
1739,Hypermethioninemia encephalopathy due to adenosine kinase deficiency
83912,Biotin-thiamine-responsive basal ganglia disease
5,POMT1-related  limb-girdle muscular dystrophy R11
774,Hereditary xanthinuria
73105,Chuvash erythrocytosis
803,Choroideremia
3199,X-linked retinal dysplasia
4514,Complement component 3 deficiency
436,Spinocerebellar ataxia with axonal neuropathy type 2
1516,Cerebellar ataxia with neuropathy and bilateral vestibular areflexia syndrome
3521,Hemophilia B
10268,Angelman syndrome
1894,D-glyceric aciduria
1682,Primary ciliary dyskinesia
1352330,Familial episodic pain syndrome
2735,Hyperprolinemia type 2
677,Congenital dyserythropoietic anemia type II
1030,Periodic paralysis with later-onset distal motor neuropathy
6599,Microlissencephaly-micromelia syndrome
582,Familial dyskinesia and facial myokymia
3994,X-linked intellectual disability-psychosis-macroorchidism syndrome
888,"Fructose-1,6-bisphosphatase deficiency"
24492,Best vitelliform macular dystrophy
3130,Hepatoerythropoietic porphyria
1,Rolandic epilepsy-speech dyspraxia syndrome
1,Charcot-Marie-Tooth disease type 1C
24376,Female infertility due to zona pellucida defect
1650,FOXG1 syndrome
2055,Neutrophil immunodeficiency syndrome
8187,Harlequin syndrome
2484,Immunodeficiency due to selective anti-polysaccharide antibody deficiency
2821,Phenylketonuria
99646,Primary non-essential cutis verticis gyrata
1444,"Primary dystonia, DYT21 type"
59980,Familial temporal lobe epilepsy
1519,Dentin dysplasia
3962,Isolated complex I deficiency
256065,X-linked intellectual disability-seizures-psoriasis syndrome
11,Thymic aplasia
688,Primary lateral sclerosis
14040,Hypotonia-failure to thrive-microcephaly syndrome
9969,Familial advanced sleep-phase syndrome
481,Tyrosinemia type 3
17322,"Severe X-linked intellectual disability, Gustavson type"
1,Vocal cord and pharyngeal distal myopathy
18623,Atypical autism
685,Psychomotor regression-oculomotor apraxia-movement disorder-nephropathy syndrome
963,Episodic ataxia type 4
25095,Non-syndromic male infertility due to sperm motility disorder
949365,Cerebral autosomal recessive arteriopathy-subcortical infarcts-leukoencephalopathy
76618,Nephrogenic syndrome of inappropriate antidiuresis
15511,Autosomal dominant Charcot-Marie-Tooth disease type 2W
81945,Hereditary hyperekplexia
2574,Pulmonary alveolar microlithiasis
441760,Idiopathic bronchiectasis
3675,Attenuated Chédiak-Higashi syndrome
288,Severe combined immunodeficiency due to FOXN1 deficiency
81738,"Congenital lactic acidosis, Saguenay-Lac-Saint-Jean type"
1949,Familial nasal acilia
30860,X-linked spasticity-intellectual disability-epilepsy syndrome
2706,Neutral lipid storage disease with ichthyosis
4057,Gray platelet syndrome
7881,Hemidystonia-hemiatrophy syndrome
5293,Autoinflammation-PLCG2-associated antibody deficiency-immune dysregulation
2824,Idiopathic camptocormia
4552,PANDAS
1334,Drug-induced autoimmune hemolytic anemia
84855,Symmetrical thalamic calcifications
1717,Cerebral visual impairment
949,Isolated congenital onychodysplasia
73045,Idiopathic anterior uveitis
62289,Infantile apnea
10524,Polyneuropathy associated with IgM monoclonal gammapathy with anti-MAG
134088,Menstrual cycle-dependent periodic fever
4914,Idiopathic linear interstitial keratitis
44222,Climatic droplet keratopathy
3487,Polyclonal hyperviscosity syndrome
1423,Isovaleric acidemia
16800,Micturation-induced seizures
102,Kuru
162107,Diffuse panbronchiolitis
25110,Male infertility with azoospermia or oligozoospermia due to single gene mutation
23,Eating reflex epilepsy
11350,Autosomal dominant epilepsy with auditory features
55207,Inflammatory pseudotumor of the liver
6608,Progressive hemifacial atrophy
162,Steroid-responsive encephalopathy associated with autoimmune thyroiditis
4058,Neuroleptic malignant syndrome
8233,Idiopathic dropped head syndrome
9568,Congenitally short costocoracoid ligament
18965,Florid cemento-osseous dysplasia
15530,Logopenic progressive aphasia
2963,Oromandibular dystonia
1962,Craniorhiny
99695,Severe dermatitis-multiple allergies-metabolic wasting syndrome
247,Melkersson-Rosenthal syndrome
881,Crossed polysyndactyly
695,Spondylo-megaepiphyseal-metaphyseal dysplasia
960,Fibrous dysplasia of bone
1733747,Pruritic urticarial papules and plaques of pregnancy
2844,"Craniometadiaphyseal dysplasia, wormian bone type"
15078,Isolated scaphocephaly
522,Brachydactyly type C
13253,Endosteal sclerosis-cerebellar hypoplasia syndrome
357,Fibular hemimelia
4498,Hereditary angioedema with normal C1Inh
1099,Astley-Kendall dysplasia
6144,Oculoauriculovertebral spectrum with radial defects
4973,Polydactyly of a triphalangeal thumb
13993,Pfeiffer syndrome
665,Metaphyseal dysplasia-maxillary hypoplasia-brachydacty syndrome
2112,Allergic bronchopulmonary aspergillosis
52088,Renin-angiotensin-aldosterone system-blocker-induced angioedema
5686,Temtamy preaxial brachydactyly syndrome
104025,Drug rash with eosinophilia and systemic symptoms
3056,Humeral agenesis/hypoplasia
515,Brachydactyly type A2
11184,Congenital osteogenesis imperfecta-microcephaly-cataracts syndrome
8599,Achondrogenesis
7250,Hyperostosis corticalis generalisata
14087,Oculoauriculofrontonasal syndrome
2457,Congenital hypoplasia of thumb
3025,Cartilage-hair hypoplasia
10083,Congenital contractural arachnodactyly
6923,Isolated congenital digital clubbing
163500,X-linked hypophosphatemia
880,Pelvis-shoulder dysplasia
15044,Bruck syndrome
10987,"Microcephalic primordial dwarfism, Toriello type"
691,Spondyloepimetaphyseal dysplasia-short limb-abnormal calcification syndrome
15410,"Thiemann disease, familial form"
18947,Humerus trochlea aplasia
1228,Crouzon disease
10944,Trichorhinophalangeal syndrome type 1 and 3
18000,Osteonecrosis of the jaw
1100,Brachytelephalangic chondrodysplasia punctata
10036,2q37 microdeletion syndrome
14013,Muenke syndrome
860,Exostoses-anetodermia-brachydactyly type E syndrome
5756,Syndactyly-camptodactyly and clinodactyly of fifth fingers-bifid toes syndrome
243,Mucolipidosis type II
2999,Metaphyseal chondromatosis with D-2-hydroxyglutaric aciduria
665,"Spondylometaphyseal dysplasia, A4 type"
6574,Osteochondrosis of the tarsal bone
1712,Cranio-osteoarthropathy
163550,Hypocalcemic vitamin D-resistant rickets
10040,Blount disease
13366,Postaxial polydactyly-anterior pituitary anomalies-facial dysmorphism syndrome
3,Filippi syndrome
708,"Spondyloepiphyseal dysplasia, MacDermot type"
9258,Ossification anomalies-psychomotor developmental delay syndrome
6205,Coxopodopatellar syndrome
242,NEK9-related lethal skeletal dysplasia
752,Radial hemimelia
532,Fibular aplasia-complex brachydactyly syndrome
5851,X-linked osteoporosis with fractures
1,Radioulnar synostosis-microcephaly-scoliosis syndrome
3065,Triphalangeal thumbs-brachyectrodactyly syndrome
13316,EEM syndrome
10975,Geleophysic dysplasia
163180,Hypophosphatasia
1086,X-linked dominant chondrodysplasia punctata
11183,High bone mass osteogenesis imperfecta
662,Acromicric dysplasia
5762,Adams-Oliver syndrome
1220,Cenani-Lenz syndrome
869,Acrodysplasia scoliosis
268565,Bipartite talus
14094,Pancreatic insufficiency-anemia-hyperostosis syndrome
7247,Hyperostosis cranialis interna
3041,Mesomelia-synostoses syndrome
807,X-linked mandibulofacial dysostosis
699,"Spondyloepimetaphyseal dysplasia, Geneviève type"
243,Thoracomelic dysplasia
5722,ADULT syndrome
2960,Wormian bone-multiple fractures-dentinogenesis imperfecta-skeletal dysplasia
14142,Hunter-McAlpine craniosynostosis
5271,Ankylosing vertebral hyperostosis with tylosis
163443,Hereditary hypophosphatemic rickets with hypercalciuria
884,Syndactyly type 4
1078,Multiple epiphyseal dysplasia type 5
10922,Campomelic dysplasia
13416,Craniosynostosis-hydrocephalus-Arnold-Chiari malformation type I-radioulnar synostosis syndrome
253,Aspartylglucosaminuria
6260,Osteosclerosis-developmental delay-craniosynostosis syndrome
662,Lethal Kniest-like dysplasia
14557,"Craniosynostosis, Herrmann-Opitz type"
13339,Craniosynostosis-anal anomalies-porokeratosis syndrome
14164,Camptodactyly-joint contractures-facial skeletal defects syndrome
660,Léri-Weill dyschondrosteosis
1640,Femoral agenesis/hypoplasia
3051,IVIC syndrome
1780,"Endosteal hyperostosis, Worth type"
18837,Parietal foramina with clavicular hypoplasia
10449,Multicentric osteolysis-nodulosis-arthropathy spectrum
401,Metaphyseal anadysplasia
24117,Ehlers-Danlos/osteogenesis imperfecta syndrome
707,"Spondyloepiphyseal dysplasia tarda, Kohn type"
849,Mandibuloacral dysplasia
10902,Short stature-onychodysplasia-facial dysmorphism-hypotrichosis syndrome
3074,Tarsal-carpal coalition syndrome
519,Postaxial tetramelic oligodactyly
2977,Craniometaphyseal dysplasia
401,Upington disease
12256,Traumatic avascular necrosis
3475,Hypochondroplasia
6030,"Craniosynostosis, Boston type"
14578,Isolated plagiocephaly
14557,"Craniosynostosis, Herrmann-Opitz type"
13339,Craniosynostosis-anal anomalies-porokeratosis syndrome
14164,Camptodactyly-joint contractures-facial skeletal defects syndrome
2,Shone complex
16075,Tetralogy of Fallot
3960,Fixed subaortic stenosis
1080,Andersen-Tawil syndrome
34270,Lown-Ganong-Levine syndrome
23203,Isolated congenital microcephaly
185872,Incessant infant ventricular tachycardia
377,Hypertrichosis cubiti
365,Congenital stenosis of the inferior vena cava
3362,Primary angiitis of the central nervous system
1,CHIME syndrome
1896769,Familial atrial fibrillation
1827,Congenital total pulmonary venous return anomaly
81187,Congenital velopharyngeal incompetence
54160,"Idiopathic ventricular fibrillation, non Brugada type"
14999,Cervical hypertrichosis-peripheral neuropathy syndrome
400,Pulmonary artery hypoplasia
13614,Lethal left ventricular non-compaction-seizures-hypotonia-cataract-developmental delay syndrome
12996,Megalencephaly-polymicrogyria-postaxial polydactyly-hydrocephalus syndrome
865,Intellectual disability-developmental delay-contractures syndrome
20569,BVES-related limb-girdle muscular dystrophy
658,Prolidase deficiency
8854,Juvenile temporal arteritis
19470,Diffuse lymphatic malformation
1095,Angioma serpiginosum
371545,Familial abdominal aortic aneurysm
245,Mosaic trisomy 17
346,Bathing suit ichthyosis
6,Criss-cross heart
328,Aortic arch interruption
1,Pseudoprogeria syndrome
83822,Thiamine-responsive megaloblastic anemia syndrome
3763,Porencephaly-microcephaly-bilateral congenital cataract syndrome
14151,Acrootoocular syndrome
17940,Macrodactyly of fingers
1169,Familial progressive retinal dystrophy-iris coloboma-congenital cataract syndrome
72350,Coats disease
1,MOMO syndrome
3718,Nasolacrimal duct cyst
1078,"Ectodermal dysplasia, trichoodontoonychial type"
5043,Connective tissue disorder due to lysyl hydroxylase-3 deficiency
1,Intellectual disability-craniofacial dysmorphism-cryptorchidism syndrome
13800,Macrodactyly of toes
2601,15q overgrowth syndrome
21324,Severe intellectual disability-progressive spastic diplegia syndrome
12418,Deafness-hypogonadism syndrome
6,Alport syndrome-intellectual disability-midface hypoplasia-elliptocytosis syndrome
4097,SRD5A3-CDG
1,Proximal Xq28 duplication syndrome
15268,X-linked Charcot-Marie-Tooth disease type 6
515,"47,XYY syndrome"
10844,"Microcephalic primordial dwarfism, Dauber type"
8911,Lethal multiple pterygium syndrome
658596,Rapid-onset childhood obesity-hypothalamic dysfunction-hypoventilation-autonomic dysregulation syndrome
4626,Blepharophimosis-ptosis-epicanthus inversus syndrome
13881,Bonnemann-Meinecke-Reich syndrome
12,Craniorachischisis
10089,1p35.2 microdeletion syndrome
13960,Paternal uniparental disomy of chromosome 7
13554,Mohr-Tranebjaerg syndrome
490,Isolated congenital sclerocornea
462,Isolated congenital auditory ossicle malformation
233,Ring chromosome 2 syndrome
23957,Joubert syndrome with ocular defect
2162,Infantile-onset X-linked spinal muscular atrophy
532,Tetrasomy X
154,Kleefstra syndrome
3588,Hyperinsulinism due to short chain 3-hydroxylacyl-CoA dehydrogenase deficiency
5396,Lower lip fistula
692,Trisomy X
3,19q13.11 microdeletion syndrome
871,Mitochondrial DNA-related progressive external ophthalmoplegia
4008,Mitochondrial myopathy-lactic acidosis-deafness syndrome
1803,Blepharoptosis-myopia-ectopia lentis syndrome
1319,Wolfram-like syndrome
531,Megalencephaly
2,Temple-Baraitser syndrome
15001,RNF13-related severe early-onset epileptic encephalopathy
3,Bainbridge-Ropers syndrome
3723,Ataxia-deafness-intellectual disability syndrome
124,Trisomy 8q
5727,Congenital generalized lipodystrophy
50983,Laryngeal abductor paralysis
788,Oculoosteocutaneous syndrome
275,Harlequin ichthyosis
277,Euryblepharon
4,Malan overgrowth syndrome
309,3q26 microduplication syndrome
300,Mosaic trisomy 1
2,3q27.3 microdeletion syndrome
347,Congenital non-bullous ichthyosiform erythroderma
3,Microcephaly-glomerulonephritis-marfanoid habitus syndrome
674,Acrodermatitis enteropathica
341,Hypotrichosis with juvenile macular degeneration
81590,Progressive cerebello-cerebral atrophy
2390,Pinnae fistula or cyst
5739,Mandibular hypoplasia-deafness-progeroid features-lipodystrophy syndrome
55967,Non-acquired combined pituitary hormone deficiency-sensorineural hearing loss-spine abnormalities syndrome
20767,Muscle-eye-brain disease with bilateral multicystic leucodystrophy
2617,Hydrops fetalis
5889,Posterior meningocele
3130,X-linked intellectual disability-Dandy-Walker malformation-basal ganglia disease-seizures syndrome
5663,Intellectual disability-polydactyly-uncombable hair syndrome
2278,Congenital fibrosis of extraocular muscles
6525,Lissencephaly with cerebellar hypoplasia type A
18695,Diazoxide-resistant focal hyperinsulinism due to SUR1 deficiency
1,"X-linked intellectual disability, Cabezas type"
1900,Congenital knee dislocation
1466,Peters anomaly
19438,Second branchial cleft anomaly
11878,Porencephaly
16779,Persistent Müllerian duct syndrome
14485,Diffuse cerebral and cerebellar atrophy-intractable seizures-progressive microcephaly syndrome
690,X-linked creatine transporter deficiency
6659,Camptodactyly-taurinuria syndrome
43,Ring chromosome Y syndrome
3720,X-linked centronuclear myopathy
3,Alazami syndrome
7196,Trehalase deficiency
3890,Abetalipoproteinemia
977,Ataxia-hypogonadism-choroidal dystrophy syndrome
13218,Arnold-Chiari malformation type I
3721,Congenital generalized hypercontractile muscle stiffness syndrome
5531,Drug-induced localized lipodystrophy
9800,Macrocephaly-developmental delay syndrome
99337,Skin fragility-woolly hair-palmoplantar keratoderma syndrome
38426,Myelocystocele
13518,Muscular pseudohypertrophy-hypothyroidism syndrome
13410,"Intellectual disability, Buenos-Aires type"
10136,Deafness-infertility syndrome
843,Pancreatic triacylglycerol lipase deficiency
10896,Sanjad-Sakati syndrome
2529,Blake pouch cyst
11590,Cholesterol-ester transfer protein deficiency
34,Insulin autoimmune syndrome
1,Allan-Herndon-Dudley syndrome
11455,Idiopathic malabsorption due to bile acid synthesis defects
9012,X-linked lethal multiple pterygium syndrome
818,Acalvaria
1065,Amelo-onycho-hypohidrotic syndrome
1470,Hypothalamic adipsic hypernatraemia syndrome
13883,Ascher syndrome
36615,Idiopathic achalasia
3070,Primary familial polycythemia
4112,MPI-CDG
8323,Chronic diarrhea due to glucoamylase deficiency
4890,Autoinflammatory syndrome with pyogenic bacterial infection and amylopectinosis
17,Loose anagen syndrome
77063,Monocytopenia with susceptibility to infections
3755,Progressive external ophthalmoplegia-myopathy-emaciation syndrome
2367,Nephrogenic diabetes insipidus
861,GNE myopathy
3921,Achromatopsia
380,Spinocerebellar ataxia with axonal neuropathy type 1
80443,Eosinophilic gastroenteritis
34,Unverricht-Lundborg disease
2186,Facioscapulohumeral dystrophy
2566,Erythroderma desquamativum
955,Malignant hyperthermia of anesthesia
4437,C1 inhibitor deficiency
112,Miyoshi myopathy
2665,Dicarboxylic aminoaciduria
632,Congenital dyserythropoietic anemia type IV
12845,Zellweger-like syndrome without peroxisomal anomalies
3872,Autosomal recessive spastic paraplegia type 32
1506,Spinocerebellar ataxia type 19/22
1,Congenital muscular dystrophy with hyperlaxity
3454,Autosomal recessive mendelian susceptibility to mycobacterial diseases due to partial JAK1 deficiency
18395,Hypohidrosis-electrolyte imbalance-lacrimal gland dysfunction-ichthyosis-xerostomia syndrome
2179,Aplasia cutis congenita
4117,Cytosolic phospholipase-A2 alpha deficiency associated bleeding disorder
18457,Ovarian hyperstimulation syndrome
75201,Leigh syndrome with leukodystrophy
24039,Retinal degeneration-nanophthalmos-glaucoma syndrome
55073,Spinal muscular atrophy with respiratory distress type 2
3719,Congenital muscular dystrophy with cerebellar involvement
569,Imerslund-Gräsbeck syndrome
14721,Infantile epileptic-dyskinetic encephalopathy
99601,Congenital lethal erythroderma
3556,Proximal spinal muscular atrophy
586,Isolated agammaglobulinemia
123740,Tropical pancreatitis
18730,Familial cervical artery dissection
32039,Spinal muscular atrophy-progressive myoclonic epilepsy syndrome
1307,X-linked corneal dermoid
20683,TOR1AIP1-related limb-girdle muscular dystrophy
1114359,Proton-pump inhibitor-responsive esophageal eosinophilia
992,Spinocerebellar ataxia type 17
2136,Tolosa-Hunt syndrome
1384,3-methylglutaconic aciduria type 8
1437,"Primary dystonia, DYT17 type"
11733,Autosomal dominant macrothrombocytopenia
360,Kindler epidermolysis bullosa
4,Griscelli syndrome
44958,Thiel-Behnke corneal dystrophy
26711,Combined deficiency of factor V and factor VIII
3699,Autosomal recessive spastic ataxia of Charlevoix-Saguenay
4700,Childhood encephalopathy due to thiamine pyrophosphokinase deficiency
20414,Von Willebrand disease
810,Autosomal recessive progressive external ophthalmoplegia
391,Netherton syndrome
83312,Familial acute necrotizing encephalopathy
92,6-phosphogluconate dehydrogenase deficiency
3496,Succinyl-CoA:3-oxoacid CoA transferase deficiency
129,Myoclonic-astatic epilepsy
1895,Microcornea-myopic chorioretinal atrophy-telecanthus syndrome
1401,Childhood apraxia of speech
2743,Dimethylglycine dehydrogenase deficiency
214469,Refractory celiac disease
1785,Familial cutaneous collagenoma
4663,Hereditary diffuse leukoencephalopathy with axonal spheroids and pigmented glia
225,Pantothenate kinase-associated neurodegeneration
12396,Congenital enteropathy due to enteropeptidase deficiency
969740,Autosomal recessive leukoencephalopathy-ischemic stroke-retinitis pigmentosa syndrome
877,Combined pancreatic lipase-colipase deficiency
13882,Intellectual disability-expressive aphasia-facial dysmorphism syndrome
638,"Autosomal dominant generalized epidermolysis bullosa simplex, intermediate form"
23273,Severe neonatal-onset encephalopathy with microcephaly
72867,Autosomal recessive secondary polycythemia not associated with VHL gene
141,Ringed hair disease
508,Congenital lactase deficiency
684,Guanidinoacetate methyltransferase deficiency
239,Isolated anterior cervical hypertrichosis
12629,Optic atrophy-intellectual disability syndrome
10609,Benign familial mesial temporal lobe epilepsy
65928,Solitary rectal ulcer syndrome
1338,Hereditary folate malabsorption
3265,Neonatal diabetes-congenital hypothyroidism-congenital glaucoma-hepatic fibrosis-polycystic kidneys syndrome
16741,Hot water reflex epilepsy
59794,Benign partial epilepsy with secondarily generalized seizures in infancy
1362,Familial dysautonomia
15405,Autosomal dominant Charcot-Marie-Tooth disease type 2Q
3976,Glycogen storage disease due to hepatic glycogen synthase deficiency
3,Glutathione synthetase deficiency
13650,Combined oxidative phosphorylation defect type 9
192786,Progressive myoclonic epilepsy type 9
875,Essential fructosuria
24883,Male infertility with teratozoospermia due to single gene mutation
2103,Scapuloperoneal spinal muscular atrophy
1,"X-linked intellectual disability, Snyder type"
1918,Knobloch syndrome
4435,Immunodeficiency due to a classical component pathway complement deficiency
8959,Proximal myopathy with focal depletion of mitochondria
60,Atrophoderma vermiculata
3862,Autosomal recessive spastic paraplegia type 62
4115,ALG11-CDG
27485,Congenital prekallikrein deficiency
11213,Oligodontia
2094,Inherited Creutzfeldt-Jakob disease
486,Oguchi disease
3124,Hereditary coproporphyria
206352,Bradyopsia
234759,Pulmonary capillary hemangiomatosis
1695,Severe neurodevelopmental disorder with feeding difficulties-stereotypic hand movement-bilateral cataract
144979,Lysosomal acid phosphatase deficiency
4,Early-onset spastic ataxia-myoclonic epilepsy-neuropathy syndrome
18931,Tel Hashomer camptodactyly syndrome
1544,Homocystinuria without methylmalonic aciduria
6689,Hereditary gingival fibromatosis
56124,Non-progressive predominantly posterior cavitating leukoencephalopathy with peripheral neuropathy
1,Intellectual disability-alacrima-achalasia syndrome
5,Properdin deficiency
99518,Punctate palmoplantar keratoderma type 2
45053,Epithelial basement membrane dystrophy
165589,Retinal vasculopathy with cerebral leukoencephalopathy and systemic manifestations
696,Ataxia-telangiectasia variant
64030,Familial spontaneous pneumothorax
834,Familial cold urticaria
13756,Early-onset X-linked optic atrophy
271,Transient hypogammaglobulinemia of infancy
409,Generalized peeling skin syndrome
835,"Muscular dystrophy, Selcen type"
772,Dihydropyrimidine dehydrogenase deficiency
10728,Sjögren-Larsson syndrome
306,Acute infantile liver failure-cerebellar ataxia-peripheral sensory motor neuropathy syndrome
228823,Congenital cataract-severe neonatal hepatopathy-global developmental delay syndrome
3750,Spinocerebellar ataxia type 21
17897,Cataract-glaucoma syndrome
2692,Neutral lipid storage myopathy
181659,Stiff skin syndrome
262,Pili bifurcati
183583,Benign familial infantile epilepsy
4148,Isolated congenital anosmia
20821,Anoctamin-5-related  limb-girdle muscular dystrophy R12
1015,Dentatorubral pallidoluysian atrophy
921738,Cathepsin A-related arteriopathy-strokes-leukoencephalopathy
1897,Isolated glycerol kinase deficiency
1324,Methylmalonic acidemia with homocystinuria
4004,Alpha delta granule deficiency
305,Histidinuria-renal tubular defect syndrome
556,Hereditary cryohydrocytosis with normal stomatin
10951,Juvenile Huntington disease
204,Autosomal dominant hyper-IgE syndrome
1774,Selective IgM deficiency
518448,Transient infantile hypertriglyceridemia and hepatosteatosis
1002,Hyperkalemic periodic paralysis
4583,Congenital factor XI deficiency
528,Pancytopenia due to IKZF1 mutations
1,"Intellectual disability, Birk-Barel type"
57221,Infantile-onset mesial temporal lobe epilepsy with severe cognitive regression
3949,Blue cone monochromatism
13946,Spinocerebellar ataxia with epilepsy
444760,Biotinidase deficiency
79437,Familial congenital mirror movements
80781,FTH1-related iron overload
271,Syndromic recessive X-linked ichthyosis
13303,Intellectual disability-cataracts-calcified pinnae-myopathy syndrome
8588,Transient familial neonatal hyperbilirubinemia
3179,Retinal arterial tortuosity
3736,Muscular atrophy-ataxia-retinitis pigmentosa-diabetes mellitus syndrome
595,Late infantile neuronal ceroid lipofuscinosis
1992,Microcornea-glaucoma-absent frontal sinuses syndrome
807,Persistent hyperplastic primary vitreous
1429,Neurodegeneration due to 3-hydroxyisobutyryl-CoA hydrolase deficiency
596,Hyperlysinemia
154942,Congenital intrinsic factor deficiency
14861,Infantile spasms-broad thumbs syndrome
4290,Hypomyelination-congenital cataract syndrome
479528,Atypical juvenile parkinsonism
3851,Spastic paraplegia-optic atrophy-neuropathy syndrome
5297,CEBPE-associated autoinflammation-immunodeficiency-neutrophil dysfunction syndrome
1239,Cataract-microcornea syndrome
13457,Familial progressive hyper- and hypopigmentation
56850,Infantile-onset ascending hereditary spastic paralysis
3998,Pustulosis palmaris et plantaris
4888,Encephalocraniocutaneous lipomatosis
824,Autosomal dominant progressive external ophthalmoplegia
13609,"Autosomal recessive optic atrophy, OPA7 type"
293,Infantile-onset autosomal recessive nonprogressive cerebellar ataxia
103,Familial Alzheimer-like prion disease
14083,Alternating hemiplegia of childhood
10293,Hereditary hyperferritinemia-cataract syndrome
439,Acral peeling skin syndrome
5964,Progressive supranuclear palsy
13016,"X-linked intellectual disability, Shrimpton type"
3629,Carnitine palmitoyl transferase 1A deficiency
187315,Progressive myoclonic epilepsy type 6
475,Hyperornithinemia-hyperammonemia-homocitrullinuria syndrome
4160,Alacrimia-choreoathetosis-liver dysfunction syndrome
910,Brody myopathy
61,Hereditary hypercarotenemia and vitamin A deficiency
26496,Hemorrhagic disease due to alpha-1-antitrypsin Pittsburgh mutation
84,Uncombable hair syndrome
9712,Congenital analbuminemia
277,Pili gemini
20936,Laminin subunit alpha 2-related limb-girdle muscular dystrophy R23
2129,NLRP12-associated hereditary periodic fever syndrome
656,PLEC-related intermediate epidermolysis bullosa simplex without extracutaneous involvement
313,Histidinemia
955,Sebocystomatosis
606,Congenital erythropoietic porphyria
790,Galactokinase deficiency
46294,Congenital factor V deficiency
4477,Generalized pustular psoriasis
64898,Familial mitral valve prolapse
4851,Congenital subglottic stenosis
12956,Idiopathic spontaneous coronary artery dissection
94760,Cutis marmorata telangiectatica congenita
3675,Gómez-López-Hernández syndrome
57,Mitral atresia
4053,Hypoplastic left heart syndrome
13972,Congenital aortic valve stenosis
10432,Prader-Willi syndrome
10153,Hereditary hemorrhagic telangiectasia
746,Holoprosencephaly-caudal dysgenesis syndrome
3177,Mucous membrane pemphigoid
296,Loeffler endocarditis
3175,Ectasia of the left atrial appendage
332,Cor triatriatum sinister
406,Idiopathic giant cell myocarditis
2971,Congenital partial pulmonary venous return anomaly
4692,Supravalvular aortic stenosis
2,Accessory tricuspid valve tissue
43889,Posterior polymorphous corneal dystrophy
4661,Adult-onset autosomal dominant leukodystrophy
85,Complete atrioventricular septal defect
1872,Double outlet right ventricle
7000,Mucocutaneous venous malformations
855,Isolated right ventricular hypoplasia
38,Isochromosomy Yp
825,Isolated anencephaly/exencephaly
262,Idiopathic pulmonary artery dilatation
41,Lujan-Fryns syndrome
32028,Familial adrenal hypoplasia with absent pituitary luteinizing hormone
54013,Idiopathic neonatal atrial flutter
737,Osteopenia-myopia-hearing loss-intellectual disability-facial dysmorphism syndrome
19,Cleft mitral valve
16503,Aneurysm of sinus of Valsalva
1027,Univentricular heart
259,11p15.4 microduplication syndrome
3943,COG7-CDG
7363,Abnormal origin of right or left pulmonary artery from the aorta
4,Distal Xq28 microduplication syndrome
2060,Aplasia cutis congenita-intestinal lymphangiectasia syndrome
18278,Wyburn-Mason syndrome
1823,Congenital tricuspid stenosis
3673,Pulmonary atresia with ventricular septal defect
64395,Congenital Gerbode defect
16814,Multifocal lymphangioendotheliomatosis-thrombocytopenia syndrome
1392,Peters plus syndrome
2197,Pulmonary valve agenesis-tetralogy of Fallot-absence of ductus arteriosus syndrome
78271,High myopia-sensorineural deafness syndrome
4379,Dural sinus malformation
3541,Congenital heart block
10197,Kawasaki disease
12667,Epiphyseal dysplasia-hearing loss-dysmorphism syndrome
9465,Lethal congenital contracture syndrome type 3
103711,Brugada syndrome
113723,Familial sick sinus syndrome
76481,PEHO-like syndrome
13246,Bosley-Salih-Alorainy syndrome
3157,Meige disease
19238,Congenital pulmonary valvar stenosis
147718,Interatrial communication
19296,Aorta coarctation
928,Horizontal gaze palsy with progressive scoliosis
5807,Polymicrogyria due to TUBB2B mutation
1033,Vasculitis due to ADA2 deficiency
4911,STING-associated vasculopathy with onset in infancy
63,Congenital coronary artery aneurysm
13997,Peripheral pulmonary stenosis
2,Coronary sinus atresia
1685,Congenital mitral stenosis
51,Bockenheimer syndrome
16217,Jervell and Lange-Nielsen syndrome
12395,Xp22.3 microdeletion syndrome
5547,Mitral valve agenesis
13437,Partial atrioventricular septal defect
53698,Postinfectious vasculitis
728,Livedoid vasculopathy
688,Autosomal dominant generalized dystrophic epidermolysis bullosa
2599,CLAPO syndrome
79,Pulmonary atresia-intact ventricular septum syndrome
8806,Monosomy 22q13.3
8860,Autosomal recessive multiple pterygium syndrome
1201,Cardiac anomalies-heterotaxy syndrome
16,Coronary sinus stenosis
207528,Familial multiple nevi flammei
35455,Sinoatrial node dysfunction and deafness
1,Microcephaly-seizures-intellectual disability-heart disease syndrome
197697,Pediatric arterial ischemic stroke
3,Cor triatriatum dexter
1,Hypotonia-speech impairment-severe cognitive delay syndrome
301,Mesocardia
571,Levocardia
1228,Congenital patent ductus arteriosus aneurysm
5327,Cogan syndrome
28168,Atrial standstill
18736,Congenital systemic arteriovenous fistula
1293,Truncus arteriosus
5018,Dextrocardia
2,Right superior vena cava connecting to left-sided atrium
172,Erythema elevatum diutinum
439363,Calciphylaxis
1007,Persistent left superior vena cava connecting through coronary sinus to left-sided atrium
42,Foix-Alajouanine syndrome
4,Hennekam syndrome
680,Tricuspid atresia
20045,Ectopia cordis
8517,Deafness-small bowel diverticulosis-neuropathy syndrome
29236,Hereditary arterial and articular multiple calcification syndrome
964,Congenital aortopulmonary window
5491,Congenitally uncorrected transposition of the great arteries
161,"Blepharophimosis-intellectual disability syndrome, Ohdo type"
4114,Congenital anomaly of the tricuspid valve chordae
16850,Paraplegia-intellectual disability-hyperkeratosis syndrome
8263,Hughes-Stovin syndrome
1884,FLNA-related X-linked myxomatous valvular dysplasia
403,Richards-Rundle syndrome
21582,Left ventricular noncompaction
3712,Severe hypotonia-psychomotor developmental delay-strabismus-cardiac septal defect syndrome
23427,Musculocontractural Ehlers-Danlos syndrome
5470,Congenital glaucoma
10690,"Camptodactyly syndrome, Guadalajara type 1"
19463,First branchial cleft anomaly
42,Isolated amyelia
297,Mosaic trisomy 20
7158,Duane retraction syndrome
644,Ectodermal dysplasia-skin fragility syndrome
4870,Satoyoshi syndrome
4799,Familial thyroid dyshormonogenesis
46072,Primary desmosis coli
724,Autoimmune polyendocrinopathy type 3
16703,Central diabetes insipidus
519,Coloboma of macula
617599,Genetic non-syndromic obesity
3444,Neonatal adrenoleukodystrophy
1310,Secondary hypoparathyroidism due to impaired parathormon secretion
694,Recessive dystrophic epidermolysis bullosa inversa
13598,Xp21 deletion syndrome
575,Lethal hemolytic anemia-genital anomalies syndrome
439,Aromatase deficiency
77156,Stiff person spectrum disorder
665,"48,XXYY syndrome"
7,Insulin-resistance syndrome type B
8625,Primary hypergonadotropic hypogonadism-partial alopecia syndrome
1094811,Eosinophilic esophagitis
40524,Prepubertal anorexia nervosa
59,Isolated thyroid-stimulating hormone deficiency
1271,Ectopic aldosterone-producing tumor
304,Mosaic trisomy 10
55182,Isolated congenital hypogonadotropic hypogonadism
2158,Hyperimmunoglobulinemia D with periodic fever
48,Monosomy 21
21560,Hypergonadotropic hypogonadism-cataract syndrome
19632,Obesity-colitis-hypothyroidism-cardiac hypertrophy-developmental delay syndrome
5848,Acroosteolysis-keloid-like lesions-premature aging syndrome
237,Ring chromosome 3 syndrome
9651,Arthrogryposis-like hand anomaly-sensorineural deafness syndrome
77785,Severe neurodegenerative syndrome with lipodystrophy
225,"45,X/46,XY mixed gonadal dysgenesis"
24182,Norrie disease
31365,Inherited isolated adrenal insufficiency due to partial CYP11A1 deficiency
20699,Muscle-eye-brain disease
1,Hypercholesterolemia due to cholesterol 7alpha-hydroxylase deficiency
802,Post-traumatic pituitary deficiency
10594,Resistance to thyroid hormone due to a mutation in thyroid hormone receptor alpha
1312,Cushing syndrome due to macronodular adrenal hyperplasia
53428,Isolated splenic vein thrombosis
1230,Microtia-eye coloboma-imperforation of the nasolacrimal duct syndrome
6817,Pontocerebellar hypoplasia type 8
10380,X-linked acrogigantism
3086,Oculootodental syndrome
86538,Pediatric-onset Graves disease
7995,Sandifer syndrome
17321,Non-insulinoma pancreatogenous hypoglycemia syndrome
8389,PrP systemic amyloidosis
739422,Non-hypoproteinemic hypertrophic gastropathy
46491,Neuroectodermal melanolysosomal disease
3947,CCDC115-CDG
11138,Acute adrenal insufficiency
763,Woodhouse-Sakati syndrome
784,AICA-ribosiduria
5701,Kuskokwim syndrome
26368,Dysbetalipoproteinemia
114,Trisomy 5p
39230,Familial hypoaldosteronism
236,Bangstad syndrome
69569,DIAPH1-related sensorineural hearing loss-thrombocytopenia syndrome
85522,Isolated mesenteric vein thrombosis
2360,Congenital hypothyroidism due to maternal intake of antithyroid drugs
8,Rabson-Mendenhall syndrome
6894,Primary unilateral adrenal hyperplasia
241561,Steroid dehydrogenase deficiency-dental anomalies syndrome
61,Dubowitz syndrome
24086,Myopathic Ehlers-Danlos syndrome
47,"46,XX disorder of sex development-skeletal anomalies syndrome"
1946,Isolated congenital nasal pyriform aperture stenosis
2186,Septo-optic dysplasia spectrum
534,Pentasomy X
691,Hyperinsulinism-hyperammonemia syndrome
1476,Familial chylomicronemia syndrome
7461,Familial gestational hyperthyroidism
5859,Testicular regression syndrome
243,Autoimmune polyendocrinopathy type 2
739,Spinal muscular atrophy-Dandy-Walker malformation-cataracts syndrome
7419,Congenital laryngeal cyst
317,17q12 microduplication syndrome
3,Athyreosis
1200,Adrenocortical carcinoma with pure aldosterone hypersecretion
1256,Moyamoya disease with early-onset achalasia
2642,Intermediate DEND syndrome
2739,Hypoinsulinemic hypoglycemia and body hemihypertrophy
4664,Proteasome-associated autoinflammatory syndrome
7437,Sudden infant death-dysgenesis of the testes syndrome
3737,Myoclonus-cerebellar ataxia-deafness syndrome
10,SHORT syndrome
3,DEND syndrome
158605,Secondary intestinal lymphangiectasia
3248,X-linked retinoschisis
15479,Corpus callosum agenesis-neuronopathy syndrome
4756761,Homozygous familial hypercholesterolemia
25496,Corticosteroid-binding globulin deficiency
21843,Estrogen resistance syndrome
1731,Classic homocystinuria
4627,Isolated iridoschisis
14083,Auditory neuropathy-optic atrophy syndrome
34117,Laron syndrome
3769,Myopathy and diabetes mellitus
12055,Progressive deafness with stapes fixation
3854,Spastic paraparesis-deafness syndrome
18161,Familial hyperprolactinemia
1586,Central precocious puberty
11729,Infundibulo-neurohypophysitis
13137,Congenital Horner syndrome
3015,Cranial meningocele
1956,Cochlear nerve deficiency
172,Diencephalic syndrome
52964,Insulin-resistance syndrome type A
3032,Symptomatic form of fragile X syndrome in female carrier
14748,Isolated oxycephaly
34304,Spondyloepimetaphyseal dysplasia with joint laxity
15279,Osteochondritis dissecans
681,"Spondyloepimetaphyseal dysplasia congenita, Strudwick type"
1418,Oncogenic osteomalacia
8,Shprintzen-Goldberg syndrome
2214,Klippel-Feil anomaly-myopathy-facial dysmorphism syndrome
660,Metatropic dysplasia
16690,Autosomal dominant spondylocostal dysostosis
112359,Familial short QT syndrome
391,Congenital absence of upper arm and forearm with hand present
1202,Acrofrontofacionasal dysostosis
1101,Sinding-Larsen-Johansson disease
663,Apodia
1,Osteogenesis imperfecta-retinopathy-seizures-intellectual disability syndrome
351,Isolated split hand-split foot malformation
194,Coffin-Siris syndrome
5869,Secondary non-traumatic avascular necrosis
1687,Lethal osteosclerotic bone dysplasia
6127,Osteochondrosis of the metatarsal bone
110,Amelia of lower limb
49492,Chronic atrial and intestinal dysrhythmia syndrome
11092,Cole-Carpenter syndrome
834,Mononen-Karnes-Senac syndrome
10340,Gorham-Stout disease
7201,Hypocalcemic vitamin D-dependent rickets
81178,Recurrent metabolic encephalomyopathic crises-rhabdomyolysis-cardiac arrhythmia-intellectual disability syndrome
3541,Idiopathic avascular necrosis
511,Brachydactyly type A4
121,Chondroectodermal dysplasia with night blindness
5689,Finger hyperphalangy-toe anomalies-severe pectus excavatum syndrome
1082,"Chondrodysplasia punctata, tibial-metacarpal type"
501,Fibrodysplasia ossificans progressiva
2678,Acheiria
20747,Central polydactyly
11023,Seckel syndrome
2707,Marshall-Smith syndrome
906,Inclusion body myopathy with Paget disease of bone and frontotemporal dementia
257634,Calvarial doughnut lesions-bone fragility syndrome
6336,Familial Scheuermann disease
77,Diastrophic dwarfism
9626,Pelvic dysplasia-arthrogryposis of lower limbs syndrome
24069,Classical-like Ehlers-Danlos syndrome type 2
154824,Atrial septal defect-atrioventricular conduction defects syndrome
13925,Cataract-growth hormone deficiency-sensory neuropathy-sensorineural hearing loss-skeletal dysplasia syndrome
4058,COG1-CDG
801,"Acrofacial dysostosis, Catania type"
385,Metaphyseal dysostosis-intellectual disability-conductive deafness syndrome
907,Pseudohypoparathyroidism type 1C
14140,Curry-Jones syndrome
638,Congenital absence of both forearm and hand
4340,Syndactyly type 6
3476,Sterile multifocal osteomyelitis with periostitis and pustulosis
37901,Hereditary thrombophilia due to congenital antithrombin deficiency
3867,Spastic paraplegia-Paget disease of bone syndrome
8525,Familial avascular necrosis of femoral head
234,Mucolipidosis type III
3492,Severe achondroplasia-developmental delay-acanthosis nigricans syndrome
361,Holt-Oram syndrome
113,Tetra-amelia
46584,Severe hereditary thrombophilia due to congenital protein C deficiency
2998,Lethal Larsen-like syndrome
809,Holoprosencephaly-craniosynostosis syndrome
13452,Hallux varus-preaxial polysyndactyly syndrome
37233,Cherubism
2966,"Rhizomelic dysplasia, Patterson-Lowry type"
6690,Familial digital arthropathy-brachydactyly
2139,CINCA syndrome
265799,Familial clubfoot with or without associated lower limb anomalies
5849,Nestor-Guillermo progeria syndrome
17707,Legg-Calvé-Perthes disease
52964,Wolcott-Rallison syndrome
974,Cooks syndrome
69750,Caffey disease
6277,Banki syndrome
64666,Juvenile Paget disease
1506,Progressive osseous heteroplasia
9148,Kyphomelic dysplasia
1073,Congenital bowing of long bones
780,Polysyndactyly
576,Medial condensing osteitis of the clavicle
1195,Dysspondyloenchondromatosis
6236,Joubert syndrome with Jeune asphyxiating thoracic dystrophy
123,Thanatophoric dysplasia
4002,Distal symphalangism
245,Alpha-mannosidosis
13335,Brachydactyly-short stature-retinitis pigmentosa syndrome
1095,Tricho-dento-osseous syndrome
6249,Enlarged parietal foramina
181,Autosomal recessive spondylocostal dysostosis
5932,Acrocallosal syndrome
7220,Sclerosteosis
2055,Idiopathic juvenile osteoporosis
17716,Humero-radio-ulnar synostosis
325,Panner disease
371,Tibial hemimelia
109,Ulnar hemimelia
16160,Timothy syndrome
3651,Brachyolmia-amelogenesis imperfecta syndrome
480851,His bundle tachycardia
80,Absence of the pulmonary artery
3585,Unclassified vasculitis
1014,Isolated ectopia lentis
4144,Cutaneous small vessel vasculitis
2049,External auditory canal aplasia/hypoplasia
1,Developmental delay-facial dysmorphism syndrome due to MED13L deficiency
29817,Amelocerebrohypohidrotic syndrome
590,Internal carotid absence
2789,Scimitar syndrome
5758,Abnormal number of coronary ostia
1772,Congenitally corrected transposition of the great arteries
3772,Spastic paraplegia-intellectual disability-nystagmus-obesity syndrome
3737,Colobomatous microphthalmia
2748,Ebstein malformation of the tricuspid valve
639,Primary syringomyelia
661,Double outlet left ventricle
72,Isolated congenital anonychia
49,Congenital complete agenesis of pericardium
30716,Lipoid proteinosis
1207,Bilateral acute depigmentation of the iris
354,Smith-Magenis syndrome
68939,Gingival fibromatosis-progressive deafness syndrome
361,Hypertrichosis lanuginosa congenita
12133,Paris-Trousseau thrombocytopenia
264239,Congenital vertical talus
1,Monosomy 9p
641,"49,XXXYY syndrome"
65,Severe generalized junctional epidermolysis bullosa
9717,Deletion 5q35
363,Localized junctional epidermolysis bullosa
81611,Juvenile-onset diabetes mellitus-central and peripheral neurodegeneration syndrome
1,Hall-Riggs syndrome
20851,"Congenital muscular dystrophy, Fukuyama type"
4376,Pyramidal molars-abnormal upper lip syndrome
41,Partial chromosome Y deletion
295,Coloboma of eye lens
2,Male hypergonadotropic hypogonadism-intellectual disability-skeletal anomalies syndrome
1736,Encephalopathy due to sulfite oxidase deficiency
20869,Isolated optic nerve hypoplasia/aplasia
2129,Aplasia cutis-myopia syndrome
3,Multiple congenital anomalies-hypotonia-seizures syndrome
7038,Larynx atresia
276,Trichothiodystrophy
1,L1 syndrome
14746,Pachygyria-intellectual disability-epilepsy syndrome
6707,Pontocerebellar hypoplasia type 3
187,Palmoplantar keratoderma-XX sex reversal-predisposition to squamous cell carcinoma syndrome
2,10q22.3q23.3 microdeletion syndrome
15430,Charcot-Marie-Tooth disease type 1A
3117,Isolated encephalocele
116,Trisomy 10p
6675,Familial isolated clinodactyly of fingers
1570,Congenital laryngeal web
24000,Familial articular hypermobility syndrome
9177,Neuropathy with hearing impairment
412,Exfoliative ichthyosis
32,Disorder of sex development-intellectual disability syndrome
10438,Congenital ptosis
30835,Epilepsy-telangiectasia syndrome
17949,Early-onset non-syndromic cataract
1108,Laryngocele
4172,B4GALT1-CDG
3014,Digestive duplication cyst of the tongue
1128,Aniridia-ptosis-intellectual disability-familial obesity syndrome
402,"Deafness with labyrinthine aplasia, microtia, and microdontia"
12960,Diencephalic-mesencephalic junction dysplasia
3313,Choanal atresia
1,Ring chromosome 12 syndrome
343,Self-improving collodion baby
276,Isolated congenital ectropion
13750,Paternal uniparental disomy of chromosome 6
702,Complete androgen insensitivity syndrome
5709,Craniolenticulosutural dysplasia
898,Pseudohypoparathyroidism type 2
13777,Iridocorneal endothelial syndrome
555,Congenital myasthenic syndrome
3746,Marinesco-Sjögren syndrome
20562,Congenital laryngomalacia
1585,MYBPC1-related autosomal recessive non-lethal arthrogryposis multiplex congenita syndrome
5531,Acquired partial lipodystrophy
241,Tetragametic chimerism
749,"46,XX ovarian dysgenesis-short stature syndrome"
815,Posterior fusion of lumbosacral vertebrae-blepharoptosis syndrome
3838,Early-onset progressive encephalopathy-hearing loss-pons hypoplasia-brain atrophy syndrome
20165,Legius syndrome
2382,Median nodule of the upper lip
165,Triploidy
3566,"Oculocerebral hypopigmentation syndrome, Cross type"
3713,King-Denborough syndrome
331,Oculopharyngeal muscular dystrophy
1082,Congenital ectropion uveae
13512,Mevalonic aciduria
1,Corpus callosum agenesis-abnormal genitalia syndrome
3430,"Microphthalmia, Lenz type"
1511,Cataract-ataxia-deafness syndrome
5026,Congenital eyelid retraction
5769,Congenital adrenal hyperplasia due to 11-beta-hydroxylase deficiency
9,Leprechaunism
149,Wolfram syndrome
434,MIRAGE syndrome
23463,Duplication of the pituitary gland
1856,Microcornea-posterior megalolenticonus-persistent fetal vasculature-coloboma syndrome
24562,Primary microcephaly-epilepsy-permanent neonatal diabetes syndrome
81655,Holoprosencephaly-postaxial polydactyly syndrome
1104,Leukomelanoderma-infantilism-intellectual disability-hypodontia-hypotrichosis syndrome
152,Infantile Refsum disease
228,"49,XXXXY syndrome"
20112,Autosomal dominant prognathism
1028,Congenital achiasma
416,Coloboma of choroid and retina
59596,Lissencephaly with cerebellar hypoplasia type D
99308,Focal facial dermal dysplasia
2610,Permanent neonatal diabetes mellitus-pancreatic and cerebellar agenesis syndrome
780,Incontinentia pigmenti
23,Iniencephaly
313,Distal trisomy 14q
69664,Hearing loss-familial salivary gland insensitivity to aldosterone syndrome
10006,Distal arthrogryposis type 5D
2634,Isolated Dandy-Walker malformation
12692,Schizencephaly
18926,Hyperinsulinism due to HNF4A deficiency
13755,Lower limb hypertrophy
220,Ring chromosome 15 syndrome
3885,Congenital cataract-progressive muscular hypotonia-hearing loss-developmental delay syndrome
4,Inverted duplicated chromosome 15 syndrome
10136,Monosomy 13q14
85044,EAST syndrome
22301,Euthyroid Graves orbitopathy
2652,Tatton-Brown-Rahman syndrome
930,Pendred syndrome
24346,Kallmann syndrome-heart disease syndrome
795,Hypomandibular faciocranial dysostosis
5827,Atypical Werner syndrome
1,Facial dysmorphism-macrocephaly-myopia-Dandy-Walker malformation syndrome
13536,Pterygium colli-intellectual disability-digital anomalies syndrome
11453,Proximal myotonic myopathy
4129,Autosomal dominant myoglobinuria
1526,"Primary dystonia, DYT2 type"
8491,Hereditary sensory and autonomic neuropathy type 1
64500,Familial cerebral saccular aneurysm
504,Landau-Kleffner syndrome
5641,Bilateral striopallidodentate calcinosis
547,Activated PI3K-delta syndrome
91,Hemolytic anemia due to glutathione reductase deficiency
4718,Chilblain lupus
20705,X-linked myopathy with postural muscle atrophy
307,Hemolytic anemia due to glucophosphate isomerase deficiency
610,Hyperzincemia and hypercalprotectinemia
15533,Lethal neonatal spasticity-epileptic encephalopathy syndrome
567,Alopecia universalis
778,Mitochondrial pyruvate carrier deficiency
13184,Autosomal dominant optic atrophy and cataract
821,PLCG2-associated antibody deficiency and immune dysregulation
1565,Amelogenesis imperfecta
1443,2-methylbutyryl-CoA dehydrogenase deficiency
119101,Congenital atransferrinemia
11282,Familial mesial temporal lobe epilepsy with febrile seizures
11947,Familial congenital palsy of trochlear nerve
2109,Rett syndrome
986,Recessive mitochondrial ataxia syndrome
5527,Idiopathic trachyonychia
272,Absent thumb-short stature-immunodeficiency syndrome
1650,Non-specific syndromic intellectual disability
18490,Pseudohypoaldosteronism type 1
82,Bethlem myopathy
481,Hawkinsinuria
1659,Hypotrichosis simplex
1,Spinal muscular atrophy with respiratory distress type 1
13149,Grubben-de Cock-Borghgraef syndrome
815,Galactose epimerase deficiency
6238,Hydrocephaly-cerebellar agenesis syndrome
3435,Autosomal recessive mendelian susceptibility to mycobacterial diseases due to partial IFNgammaR1 deficiency
7152,Fatal post-viral neurodegenerative disorder
605,Seizures-intellectual disability due to hydroxylysinuria syndrome
96390,Infantile choroidocerebral calcification syndrome
195037,Progressive myoclonic epilepsy type 8
602,Juvenile neuronal ceroid lipofuscinosis
24352,Female infertility due to oocyte meiotic arrest
659,Epidermolysis bullosa simplex with mottled pigmentation
1924,Autosomal recessive sideroblastic anemia
11393,Thiamine-responsive encephalopathy
1867,Familial renal glucosuria
8377,Cramp-fasciculation syndrome
13611,Reticulate acropigmentation of Kitamura
893,Muscle filaminopathy
24,"Congenital muscular dystrophy, Ullrich type"
1,Infantile spasms-psychomotor retardation-progressive brain atrophy-basal ganglia disease syndrome
9066,Hereditary spherocytosis
3797,Congenital abducens nerve palsy
477837,Parkinsonian-pyramidal syndrome
3493,Immunodeficiency due to interleukin-1 receptor-associated kinase-4 deficiency
9139,Hereditary sensory and autonomic neuropathy type 4
1842,Transaldolase deficiency
11047,Huntington disease-like 2
432098,Transcobalamin I deficiency
1547,Homocystinuria due to methylene tetrahydrofolate reductase deficiency
144,Woolly hair
4108,DDOST-CDG
3599,Oculocutaneous albinism type 4
2128,Porphyria cutanea tarda
44936,Macular corneal dystrophy
13571,Dowling-Degos disease
24452,Sorsby pseudoinflammatory fundus dystrophy
481,Familial reactive perforating collagenosis
85,Progressive essential tremor-speech impairment-facial dysmorphism-intellectual disability-abnormal behavior syndrome
764,Dihydropyrimidinuria
649,Congenital dyserythropoietic anemia type III
3724,Autosomal recessive cerebellar ataxia-epilepsy-intellectual disability syndrome due to WWOX deficiency
39722,Woolly hair nevus
5077,Ataxia-pancytopenia syndrome
10982,Benign infantile focal epilepsy with midline spikes and waves during sleep
1541,Dentinogenesis imperfecta
2751,Lysinuric protein intolerance
5483,Benign paroxysmal torticollis of infancy
7766,Dystonia-aphonia syndrome
344,Marie Unna hereditary hypotrichosis
19862,Autosomal dominant neovascular inflammatory vitreoretinopathy
1025,Hypokalemic periodic paralysis
1218,Pityriasis rubra pilaris
99695,Hypohidrosis-enamel hypoplasia-palmoplantar keratoderma-intellectual disability syndrome
132585,Autosomal dominant rhegmatogenous retinal detachment
2802,Citrullinemia type I
25813,Hemophilia A
2174,Dystonia-parkinsonism-hypermanganesemia syndrome
4792,NKX6-2-related autosomal recessive hypomyelinating leukodystrophy
56922,X-linked distal spinal muscular atrophy type 3
18690,Low phospholipid-associated cholelithiasis
195721,Progressive myoclonic epilepsy type 5
4122,Glycogen storage disease due to aldolase A deficiency
14038,Severe X-linked mitochondrial encephalomyopathy
233,Alpha-N-acetylgalactosaminidase deficiency
15264,Benign familial neonatal-infantile seizures
70475,Familial exudative vitreoretinopathy
14694,Primary erythromelalgia
993,Episodic ataxia type 5
72203,Autosomal dominant secondary polycythemia
1,Leukocyte adhesion deficiency
24383,Thrombomodulin-related bleeding disorder
786510,Ondine syndrome
20836,DNAJB6-related  limb-girdle muscular dystrophy D1
584,Adult neuronal ceroid lipofuscinosis
12745,Autosomal dominant optic atrophy plus syndrome
3127,Porphyria variegata
3336,Erythema palmare hereditarium
112,Gerstmann-Straussler-Scheinker syndrome
57942,Benign partial epilepsy of infancy with complex partial seizures
1507,Dystonia 16
46568,Congenital factor X deficiency
286,Maple syrup urine disease
1,Familial infantile myoclonic epilepsy
307,Monoamine oxidase A deficiency
95806,ANK3-related intellectual disability-sleep disturbance syndrome
23804,Central serous chorioretinopathy
104,Transcobalamin deficiency
303,Amyotrophic lateral sclerosis
12660,Secondary syringomyelia
49,Baló concentric sclerosis
545,Isolated facial myokymia
23534,Heparin-induced thrombocytopenia
107805,Cheilitis glandularis
704,Lambert-Eaton myasthenic syndrome
24163,Spontaneous intracranial hypotension
35738,Primitive portal vein thrombosis
5245,HELLP syndrome
3569,Burning mouth syndrome
27351,Protein S acquired deficiency
9036,Overlap myositis
2589,Acute disseminated encephalomyelitis
80864,Sporadic hyperekplexia
3282,Felty syndrome
1228,Neuralgic amyotrophy
208,Bullous lichen planus
75244,Primary progressive freezing gait
720,Monomelic amyotrophy
74654,Gaisböck syndrome
13261,Polyneuropathy-intellectual disability-acromicria-premature menopause syndrome
3344,New-onset refractory status epilepticus
24,Acute motor and sensory axonal neuropathy
2907,Postpoliomyelitis syndrome
29139,Arachnoiditis
613236,Extrapelvic endometriosis
9287,Primary orthostatic tremor
56806,Distal hereditary motor neuropathy type 1
216,Schilder disease
64782,Tremor-nystagmus-duodenal ulcer syndrome
1015,Thyrotoxic periodic paralysis
407920,Silent sinus syndrome
23799,Worster-Drought syndrome
508836,Adult idiopathic neutropenia
47583,Idiopathic intracranial hypertension
8230,Serotonin syndrome
24056,Paroxysmal hemicrania
742,Eosinophilic fasciitis
96092,Intrahepatic cholestasis of pregnancy
33879,Endophthalmitis
15469,Charcot-Marie-Tooth disease type 4B3
72902,Primary intrahepatic lithiasis
9840,Non-24-hour sleep-wake syndrome
892836,Toxic maculopathy due to antimalarial drugs
2710,Pellucid marginal degeneration
7,Jeavons syndrome
14264,Secondary erythromelalgia
3863,Mal de débarquement
5982,Superior limbic keratoconjunctivitis
6260,Twin to twin transfusion syndrome
85787,Tracheobronchopathia osteochondroplastica
3160,Immune-mediated necrotizing myopathy
4577,Focal myositis
507,Good syndrome
383,Linear IgA dermatosis
28,Chronic bilirubin encephalopathy
4714,Perineural cyst
15,Reading seizures
205521,Visual snow syndrome
818,Limbic encephalitis with caspr2 antibodies
6736,Dementia pugilistica
13,Idiopathic hemiconvulsion-hemiplegia syndrome
2333,Baroreflex failure
14818,Acquired purpura fulminans
583,Intermediate uveitis
254864,Idiopathic copper-associated cirrhosis
14029,Intellectual disability-severe speech delay-mild dysmorphism syndrome
3770,Hemolytic disease of the newborn with Kell alloimmunization
12790,Asherman syndrome
2262,Iatrogenic Creutzfeldt-Jakob disease
26303,Holmes-Adie syndrome
4860,Hypomyelination with brain stem and spinal cord involvement and leg spasticity
9320,Vogt-Koyanagi-Harada disease
72994,Trigeminal neuralgia
236952,Portosinusoidal vascular disease
6258,Idiopathic posterior uveitis
20703,POMGNT2-related limb-girdle muscular dystrophy R24
1370,Constitutional megaloblastic anemia with severe neurologic disease
1725,S-adenosylhomocysteine hydrolase deficiency
195771,Early-onset Lafora body disease
848,Spasmus nutans
180930,Marburg acute multiple sclerosis
92171,Immune thrombocytopenia
30015,Benign focal seizures of adolescence
3857,Intermediate nemaline myopathy
25330,Familial developmental dysphasia
8022,Persistent idiopathic facial pain
604,Paroxysmal cold hemoglobinuria
8425,Morvan syndrome
19821,Hypnic headache
6776,Familial supernumerary nipples
24471,Snowflake vitreoretinal degeneration
3345,Neonatal alloimmune neutropenia
4087,Acquired prothrombin deficiency
1257,Glossopharyngeal neuralgia
11377,Isaac syndrome
238,COASY protein-associated neurodegeneration
29476,Opsoclonus-myoclonus syndrome
18455,Mirizzi syndrome
36782,Myasthenia gravis
5060,TAFRO syndrome
4178,Semicircular canal dehiscence syndrome
1932,Cerebral sinovenous thrombosis
96,Sporadic Creutzfeldt-Jakob disease
27022,Bacterial myositis
63700,Primary Sjögren syndrome
7267,Supernumerary breasts
9779,Narcolepsy type 1
4969,Balint syndrome
20689,Segmental odontomaxillary dysplasia
141,Postencephalitic parkinsonism
2801,Photosensitive epilepsy
817,Central areolar choroidal dystrophy
5625,Pure autonomic failure
125,Subacute sclerosing leukoencephalitis
7582,Rasmussen subacute encephalitis
915,Exercise-induced malignant hyperthermia
1463,Spinocerebellar ataxia type 2
2105,Autosomal dominant childhood-onset proximal spinal muscular atrophy
1673,Developmental delay with autism spectrum disorder and gait instability
24525,FLOTCH syndrome
12128,Severe autosomal recessive macrothrombocytopenia
1387,Beta-ketothiolase deficiency
1,Progressive myoclonic epilepsy with dystonia
138,X-linked intellectual disability-hypotonia-movement disorder syndrome
2102,Recurrent infection due to specific granule deficiency
15420,PMP2-related Charcot-Marie-Tooth disease type 1
3226,Stormorken-Sjaastad-Langslet syndrome
7235,Intellectual disability-strabismus syndrome
5592,Progeroid and marfanoid aspect-lipodystrophy syndrome
31058,Familial cortical myoclonus
2200,Linear atrophoderma of Moulin
652,"Autosomal dominant generalized epidermolysis bullosa simplex, severe form"
24022,Spastic tetraplegia-thin corpus callosum-progressive postnatal microcephaly syndrome
2307,Congenital trigeminal anesthesia
517,Gyrate atrophy of choroid and retina
1,Partington syndrome
279,X-linked immunoneurologic disorder
3836,TMEM70-related mitochondrial encephalo-cardio-myopathy
3905,Body skin hyperlaxity due to vitamin K-dependent coagulation factor deficiency
30072,Pyridoxine-dependent epilepsy
42230,Fever-associated acute infantile liver failure syndrome
1245,Lennox-Gastaut syndrome
992,Autosomal recessive nail dysplasia
3537,Carnitine palmitoyltransferase II deficiency
2131,Tumor necrosis factor receptor 1 associated periodic syndrome
18211,Distal renal tubular acidosis
6182,Childhood-onset benign chorea with striatal involvement
154,Kennedy disease
81866,Early-onset progressive neurodegeneration-blindness-ataxia-spasticity syndrome
81343,Non-syndromic genetic deafness
8162,Paroxysmal extreme pain disorder
598,Autosomal erythropoietic protoporphyria
3,FRAXE intellectual disability
3676,Amish nemaline myopathy
279587,Hypoplasminogenemia
11239,Myotonia fluctuans
13052,"X-linked intellectual disability, Cantagrel type"
46136,Linear and whorled nevoid hypermelanosis
10224,Posterior cortical atrophy
1900,Hyperphenylalaninemia due to DNAJC12 deficiency
16731,Hypothalamic hamartomas with gelastic seizures
3866,Autosomal dominant spastic paraplegia type 42
26762,Familial thrombocytosis
312,Non-spherocytic hemolytic anemia due to hexokinase deficiency
32,Early myoclonic encephalopathy
226,Fatty acid hydroxylase-associated neurodegeneration
247358,Hereditary mucoepithelial dysplasia
4425,Immunodeficiency with factor H anomaly
524,Continuous spikes and waves during sleep
7420,Class I glucose-6-phosphate dehydrogenase deficiency
273,Maternal riboflavin deficiency
824,X-linked myopathy with excessive autophagy
576,Annular epidermolytic ichthyosis
8478,Primary failure of tooth eruption
12226,Congenital trochlear nerve palsy
80039,X-linked intellectual disability-ataxia-apraxia syndrome
10991,Benign occipital epilepsy
2342,Sporadic infantile bilateral striatal necrosis
15362,Autosomal dominant intermediate Charcot-Marie-Tooth disease with neuropathic pain
6847,Medium chain acyl-CoA dehydrogenase deficiency
653,X-linked dyserythropoietic anemia with abnormal platelets and neutropenia
89,Glutamate-cysteine ligase deficiency
13610,Rotor syndrome
6978,Camptodactyly-arthropathy-coxa-vara-pericarditis syndrome
17596,Neuronal intranuclear inclusion disease
631,Congenital brain dysgenesis due to glutamine synthetase deficiency
2806,Carbamoyl-phosphate synthetase 1 deficiency
599,Glutaryl-CoA dehydrogenase deficiency
3636,Mitochondrial myopathy with reversible cytochrome C oxidase deficiency
2736,Hyperprolinemia type 1
764099,Benign nocturnal alternating hemiplegia of childhood
1083,Isolated congenital alacrima
55449,Amyotrophic lateral sclerosis type 4
2346,Familial benign copper deficiency
8473,Dystonia 28
11360,Hereditary continuous muscle fiber activity
5684,Intellectual disability-hyperkinetic movement-truncal ataxia syndrome
1115,Hepatic veno-occlusive disease-immunodeficiency syndrome
30175,Malignant atrophic papulosis
723931,Postural orthostatic tachycardia syndrome due to NET deficiency
4149,Glycogen storage disease due to phosphoglycerate mutase deficiency
3860,Central core disease
3156,Bleeding disorder due to P2Y12 defect
1482,Spinocerebellar ataxia type 4
1853,X-linked sideroblastic anemia and spinocerebellar ataxia
15160,Benign infantile seizures associated with mild gastroenteritis
49417,Laryngeal abductor paralysis-intellectual disability syndrome
12005,Hereditary thrombocytopenia with normal platelets
4815,Benign paroxysmal tonic upgaze of childhood with ataxia
9,Frontotemporal dementia with motor neuron disease
224,Infantile neuroaxonal dystrophy
3687,Piebaldism
4701,Alkaline ceramidase 3 deficiency
596,Susceptibility to infection due to TYK2 deficiency
93564,Ribose-5-P isomerase deficiency
11,Intermittent hydrarthrosis
183,Acrodermatitis continua of Hallopeau
128,Myeloperoxidase deficiency
24130,Kandori fleck retina
4911,Familial multiple lipomatosis
1513,Autosomal dominant dopa-responsive dystonia
2694,Iminoglycinuria
507,Global developmental delay-alopecia-macrocephaly-facial dysmorphism-structural brain anomalies syndrome
2219,Acrogeria
106,Fatal familial insomnia
761,Pyruvate carboxylase deficiency
152601,Myostatin-related muscle hypertrophy
45648,Congenital fibrinogen deficiency
9259,Hereditary sensory and autonomic neuropathy type 2
6018,Primary basilar invagination
1,Rigid spine syndrome
746,Hereditary elliptocytosis
2455,Recurrent infections associated with rare immunoglobulin isotypes deficiency
3574,Autosomal recessive mendelian susceptibility to mycobacterial diseases due to partial IFNgammaR2 deficiency
1264,Moyamoya disease
443,Marchiafava-Bignami disease
22295,Retinopathy of prematurity
4279,Congenital cervical spinal stenosis
99410,Granulomatous mastitis
99654,Transgrediens et progrediens palmoplantar keratoderma
181,Epilepsy with myoclonic absences
25667,Catastrophic antiphospholipid syndrome
7576,Infectious panuveitis
2461,Non-recovering obstetric brachial plexus lesion
853,Encephalitis lethargica
2697,Simple cryoglobulinemia
15332,Early-onset progressive encephalopathy with migrant continuous myoclonus
966894,Reversible cerebral vasoconstriction syndrome
1602,Combined hyperactive dysfunction syndrome of the cranial nerves
1,Startle epilepsy
2740,Poliomyelitis
44437,Eosinophilic angiocentric fibrosis
6215,Early-onset schizophrenia
317,Gerstmann syndrome
6084,Vulvovaginal gingival syndrome
110238,Familial juvenile hypertrophy of the breast
241923,Kasabach-Merritt syndrome
7448,Hemifacial spasm
2001,Rippling muscle disease with myasthenia gravis
36756,Fetal and neonatal alloimmune thrombocytopenia
22805,Mixed-type autoimmune hemolytic anemia
15579,Superficial siderosis
327,Isolated agenesis of gallbladder
1,Perioral myoclonia with absences
4741,Postpartum psychosis
1176,Juvenile overlap myositis
10284,Psychogenic movement disorders
29060,Acute pure sensory neuropathy
27712,Chronic relapsing inflammatory optic neuropathy
13823,Locked-in syndrome
3869,Autosomal recessive spastic paraplegia type 35
309,Congenital cerebellar ataxia due to RNU12 mutation
14122,Oxoglutaric aciduria
10143,Primary cutaneous plasmacytosis
1413,Anterior cutaneous nerve entrapment syndrome
1483,Transient pseudohypoaldosteronism
3395,Adult-onset immunodeficiency with anti-interferon-gamma autoantibodies
2644,Neuromyelitis optica spectrum disorder
399,Idiopathic hypersomnia
18666,Sprengel deformity
255,Sporadic fatal insomnia
2663,Multiple system atrophy
1831,Atypical Rett syndrome
21641,Kimura disease
243,Reye syndrome
411,Herpetiform pemphigus
23,Acquired hypertrichosis lanuginosa
30013,Interstitial cystitis
27596,Bullous pemphigoid
885,Quinquaud folliculitis decalvans
6117,Oral erosive lichen
2219,Confetti-like macular atrophy
2947,Kerion celsi
1365,Acquired ichthyosis
260048,Isolated sternocostoclavicular hyperostosis
811,Wells syndrome
668,Pemphigus foliaceus
2426,Kikuchi-Fujimoto disease
1326,Drug-induced lupus erythematosus
12820,Schnitzler syndrome
30664,Retinal ischemic syndrome-digestive tract small vessel hyalinosis-diffuse cerebral calcifications syndrome
81,Primary anetoderma
7725,Pyoderma gangrenosum
1255,Alopecia totalis
3179,Annular lichen planus
52206,Fowler urethral sphincter dysfunction syndrome
182,Pellagra
9572,Localized scleroderma
4929,Systemic capillary leak syndrome
3280,Sweet syndrome
4687,Neonatal lupus erythematosus
6077,Rheumatic fever
6611,Infantile onset panniculitis with uveitis and systemic granulomatosis
4644,Reactive arthritis
4755,Hypertrophic or verrucous lupus erythematosus
10177,Jessner lymphocytic infiltration of the skin
1888,Stevens-Johnson syndrome/toxic epidermal necrolysis spectrum
276,Idiopathic recurrent pericarditis
6579,Neonatal dermatomyositis
3039,Subacute cutaneous lupus erythematosus
3615,Dermatitis herpetiformis
1961,Necrobiosis lipoidica
230,Chronic actinic dermatitis
46506,Acromelanosis
7620,Scleredema
30224,Fibroblastic rheumatism
403,Elastosis perforans serpiginosa
5264,Corticosteroid-sensitive aseptic abscess syndrome
8553,Benign cephalic histiocytosis
5015,Adiposis dolorosa
347,Postorgasmic illness syndrome
1291,Unexplained long-lasting fever/inflammatory syndrome
25639,Neonatal antiphospholipid syndrome
281,Acquired kinky hair syndrome
234,Nodular non-suppurative panniculitis
23370,Neonatal autoimmune hemolytic anemia
168,Pseudopelade of Brocq
1756,Lichen planopilaris
99629,Primary essential cutis verticis gyrata
51634,Dissecting cellulitis of the scalp
23632,Discoid lupus erythematosus
11135,Autoerythrocyte sensitization syndrome
1371,SAPHO syndrome
741,Epidermolysis bullosa acquisita
2241,Pemphigus vulgaris
5094,Cytophagic histiocytic panniculitis
371037,Polymyalgia rheumatica
701,Pemphigus erythematosus
909,Subcorneal pustular dermatosis
116128,Neonatal scleroderma
1609,Hydroa vacciniforme
74917,TEMPI syndrome
2196,PFAPA syndrome
745,Anti-p200 pemphigoid
882904,Hinman syndrome
1273,Acral persistent papular mucinosis
92,Pemphigus vegetans
